African_Region,WAEI_Score
Central Africa,56.33238888888889
East Africa,60.345436241610734
Northern Africa,59.329939879759515
Southern Africa,60.82712927756654
West Africa,58.38311475409836
